<?xml version="1.0" encoding="UTF-8"?>
<project-private xmlns="http://www.netbeans.org/ns/project-private/1">
    <editor-bookmarks xmlns="http://www.netbeans.org/ns/editor-bookmarks/2" lastBookmarkId="0"/>
    <open-files xmlns="http://www.netbeans.org/ns/projectui-open-files/2">
        <group>
            <file>file:/C:/Users/anadl/OneDrive/Documentos/TEC/Semestre%209/Aplicaciones%20Empres%20Maria%20Elena/Proyectos%20Netbeans/EvaluacionTeorica_China__3/web/adminTarjeta.html</file>
            <file>file:/C:/Users/anadl/OneDrive/Documentos/TEC/Semestre%209/Aplicaciones%20Empres%20Maria%20Elena/Proyectos%20Netbeans/EvaluacionTeorica_China__3/web/js/dataTabla.js</file>
            <file>file:/C:/Users/anadl/OneDrive/Documentos/TEC/Semestre%209/Aplicaciones%20Empres%20Maria%20Elena/Proyectos%20Netbeans/EvaluacionTeorica_China__3/web/js/tarjeta.js</file>
            <file>file:/C:/Users/anadl/OneDrive/Documentos/TEC/Semestre%209/Aplicaciones%20Empres%20Maria%20Elena/Proyectos%20Netbeans/EvaluacionTeorica_China__3/web/js/admin.js</file>
            <file>file:/C:/Users/anadl/OneDrive/Documentos/TEC/Semestre%209/Aplicaciones%20Empres%20Maria%20Elena/Proyectos%20Netbeans/EvaluacionTeorica_China__3/web/administrador.html</file>
        </group>
    </open-files>
</project-private>
